probability,index_z,index_y,index_x,diameter,is upper lober,HU_mean,Clinical decision
0.8641215562820435,35.133663177490234,291.0569763183594,345.8475646972656,30.198226928710938,0.0,23.244394322119792,0.0
0.8032163381576538,51.29983901977539,222.11544799804688,215.3262176513672,10.731679916381836,0.0,288.2748581597382,1.0
0.3787989020347595,27.201019287109375,339.02801513671875,98.03526306152344,8.613347053527832,1.0,104.75038305611726,0.0
0.10219429433345795,29.034452438354492,203.2708282470703,116.4415512084961,8.927285194396973,1.0,-260.9238592125044,1.0
