probability,index_z,index_y,index_x,diameter,is upper lober,HU_mean,Clinical decision
0.9568643569946289,364.54644775390625,309.67315673828125,338.85516357421875,12.594883918762207,1.0,479.16355696392,1.0
0.8242084383964539,324.311279296875,287.0414123535156,326.3202209472656,11.607810974121094,1.0,-209.87372377819952,1.0
0.3941728174686432,84.8316650390625,213.1520233154297,338.96136474609375,8.74778938293457,1.0,-222.42454448375724,1.0
0.272226482629776,109.2836685180664,292.0387878417969,430.2206115722656,8.391130447387695,0.0,-320.9519256504306,0.0
0.08114601671695709,109.40150451660156,159.6728515625,170.5112762451172,24.60513687133789,0.0,-225.18777213491106,1.0
0.06417255103588104,338.65655517578125,286.6742248535156,320.58917236328125,11.523337364196777,0.0,176.85338605346348,1.0
0.06380320340394974,88.99742889404297,213.4309844970703,430.0157165527344,8.836779594421387,1.0,615.1544962085669,0.0
