probability,index_z,index_y,index_x,diameter,is upper lober,HU_mean,Clinical decision
0.974187970161438,198.7082061767578,194.4403076171875,141.08358764648438,7.357077121734619,1.0,-266.732140812165,1.0
0.3143653869628906,334.29638671875,337.9345703125,147.86529541015625,8.202258110046387,1.0,123.94651127977677,0.0
0.14532241225242615,59.10208511352539,331.20440673828125,83.92558288574219,8.490488052368164,0.0,-240.5948938093678,0.0
0.10730723291635513,64.05238342285156,317.91680908203125,77.32768249511719,8.54308795928955,0.0,74.18530220187567,1.0
0.10542145371437073,128.9583740234375,207.7326202392578,219.13836669921875,8.929121971130371,0.0,-152.66469027496115,1.0
